{
  "n_samples": 1200,
  "window": 60,
  "n_features": 13,
  "train_size": 840,
  "val_size": 180,
  "test_size": 180,
  "features": [
    "log_ret_1d",
    "log_ret_5d",
    "log_ret_20d",
    "sma_ratio_10",
    "sma_ratio_20",
    "vol_10",
    "vol_20",
    "hl_range",
    "oc_ret",
    "upper_wick",
    "lower_wick",
    "range_vol_10",
    "vol_z_20"
  ],
  "scaler_mean": [
    0.0003180275372533015,
    0.001618842928354176,
    0.006827662023142543,
    0.0015233243401344301,
    0.0033107611846078583,
    0.009417475646773504,
    0.009666435107838054,
    0.012686400648007632,
    0.0001309429782012296,
    0.002936566070519023,
    0.003287767751660372,
    0.004494647284678258,
    -0.007841497456181713
  ],
  "scaler_scale": [
    0.01020555014983439,
    0.022159566514963876,
    0.04202882642923162,
    0.016452150799284394,
    0.023830369075446296,
    0.00406285682493528,
    0.0034227635807165804,
    0.006485931007277838,
    0.00870112442189315,
    0.0027068616783139684,
    0.0029935264381096105,
    0.0022830209613888992,
    1.0494517519006241
  ]
}