{
  "model": {
    "mae": 0.03031989195596111,
    "rmse": 0.03472738481087885,
    "r2": -3.5706212620120485,
    "directional_accuracy": 0.6277777777777778
  },
  "baseline_zero": {
    "mae": 0.01465660627565,
    "rmse": 0.01793015531348163,
    "directional_accuracy": 0.0
  },
  "n_test_samples": 180
}