{
  "train_loss": [
    0.0976054137306554,
    0.004967880516224319,
    0.001274604450113007,
    0.000988751051149198,
    0.0008314321682389293,
    0.0008192859523530518,
    0.0006759440105053641,
    0.0007178297088969322,
    0.0006964008772878774,
    0.0007223207491084135,
    0.0006474573503337091,
    0.0006720062539291878,
    0.0008015975588932633,
    0.0007209868103797947
  ],
  "val_loss": [
    0.024963642905155816,
    0.0012878801544300383,
    0.0007352041947241458,
    0.0006973678660061625,
    0.000654828113814195,
    0.0005677669438430004,
    0.00044050799010114536,
    0.0004522392862579889,
    0.0004547232503278388,
    0.00048107200353923773,
    0.0004736491556589802,
    0.0014885461578766504,
    0.00045973732808811797,
    0.0006086280000292593
  ]
}